id,first_name,last_name,email,city,gender,age
1,Denni,Tumasian,dtumasian0@last.fm,Jamaica,F,67
2,Cristi,Mahony,cmahony1@vkontakte.ru,Longzhouwan,F,8
3,Dwain,Beckers,dbeckers2@dot.gov,Yuncao,M,72
4,Lorie,Aveson,laveson3@utexas.edu,Atbasar,F,27
5,Ricca,Vlasin,rvlasin4@rediff.com,Bohutín,F,39
6,Athene,Fancy,afancy5@yahoo.co.jp,Constance,F,35
7,Zsazsa,Piquard,zpiquard6@ameblo.jp,Strzelce Krajeńskie,F,72
8,Jervis,MacCleod,jmaccleod7@dion.ne.jp,Odivelas,M,36
9,Ann-marie,Bengle,abengle8@ibm.com,Cimanggu,F,74
10,Elspeth,Newlan,enewlan9@macromedia.com,Wensu,F,81
11,Geralda,Sexty,gsextya@soundcloud.com,Al Quţayfah,F,95
12,Selene,Walduck,swalduckb@dropbox.com,Sangat,F,1
13,Daron,Thomasen,dthomasenc@geocities.jp,Charlotte,M,89
14,Adelaide,Geibel,ageibeld@angelfire.com,At-Bashi,F,24
15,Clemmie,Sitch,csitche@github.com,Jhingergācha,M,45
16,Cinda,Rylstone,crylstonef@delicious.com,Groningen,F,10
17,Monika,Redmond,mredmondg@bloglines.com,Protvino,F,27
18,Konstantine,Larwood,klarwoodh@yahoo.co.jp,Pakembangan,M,45
19,Isabelita,Elnor,ielnori@nbcnews.com,Caballococha,F,28
20,Estella,Van den Dael,evandendaelj@amazonaws.com,Vrilissia,F,98
21,Marilee,Beseke,mbesekek@networkadvertising.org,Ticaco,F,86
22,Lezlie,Missenden,lmissendenl@reverbnation.com,Taganak,F,8
23,Georgetta,Early,gearlym@com.com,Chiriguaná,F,70
24,Barnabe,Gerner,bgernern@gnu.org,Mitzpe Ramon,M,62
25,Jerrylee,Pomfrett,jpomfretto@flavors.me,Sydney,F,7
26,Worthy,Isbell,wisbellp@usatoday.com,Granada,M,95
27,Regine,Ruppertz,rruppertzq@statcounter.com,Hengpi,F,65
28,Maryjo,Itzkovwich,mitzkovwichr@deliciousdays.com,Jingxiyuan,F,83
29,Martie,Andriulis,mandriuliss@devhub.com,Jiaobei,F,51
30,Parrnell,Joe,pjoet@google.fr,Gongxi,M,26
31,Cyndy,Vernay,cvernayu@cbsnews.com,Kastélli,F,81
32,Gelya,Burnapp,gburnappv@uol.com.br,Na Di,F,40
33,Nilson,Kavanagh,nkavanaghw@dmoz.org,Coasa,M,89
34,Alessandro,Hadland,ahadlandx@paypal.com,Kawanoechō,M,50
35,Andriana,Goldingay,agoldingayy@zimbio.com,Sungsang,F,68
36,Dore,Egginson,degginsonz@guardian.co.uk,Yaoundé,F,66
37,Pippy,Rattrie,prattrie10@tiny.cc,Cagnes-sur-Mer,F,60
38,Orelia,Coyett,ocoyett11@xinhuanet.com,Mahong,F,5
39,Sherrie,Pagen,spagen12@bloglines.com,Kota Kinabalu,F,26
40,Weider,Costin,wcostin13@hugedomains.com,Lipu,M,25
41,Olvan,Wearden,owearden14@google.cn,Qā’en,M,28
42,Raviv,Macey,rmacey15@guardian.co.uk,Naxos,M,8
43,Hana,Gutans,hgutans16@de.vu,Taunggyi,F,22
44,Darryl,Lippatt,dlippatt17@joomla.org,Sunne,M,48
45,Emiline,Leicester,eleicester18@theatlantic.com,Meixi,F,62
46,Leshia,Malicki,lmalicki19@mediafire.com,Montongtebolak,F,9
47,Louisette,Jolley,ljolley1a@youku.com,Road Town,F,58
48,Kania,Armall,karmall1b@pen.io,Ourense,F,100
49,Cosetta,Akred,cakred1c@yolasite.com,Qvareli,F,67
50,Westbrooke,Gimert,wgimert1d@globo.com,Ipoh,M,16
